Country;code3;code2;document;year;pages;paragraphs;language;Total;Total_Target;Gender;Age;Socio-economic;Occupation;Health;Geographic;Gender;Age;Socio-economic;Occupation;Health;Geographic;Women and other genders;Sexual minorities (LGBTQI+) ;Children ;Older persons;Ethnic, racial or other minorities;Members of indigenous and local communities;Migrants and displaced persons;Persons living in poverty;Informal sector workers;Fishery communities;Agricultural communities;Persons with disabilities;Persons with pre-existing health conditions;Residents of drought-prone regions;Rural populations;Urban populations;Coastal communities;T_Women and other genders;T_Sexual minorities (LGBTQI+) ;T_Children ;T_Older persons;T_Ethnic, racial or other minorities;T_Members of indigenous and local communities;T_Migrants and displaced persons;T_Persons living in poverty;T_Informal sector workers;T_Fishery communities;T_Agricultural communities;T_Persons with disabilities;T_Persons with pre-existing health conditions;T_Residents of drought-prone regions;T_Rural populations;T_Urban populations;T_Coastal communities;sum_Women and other genders;sum_Sexual minorities (LGBTQI+) ;sum_Children ;sum_Older persons;sum_Ethnic, racial or other minorities;sum_Members of indigenous and local communities;sum_Migrants and displaced persons;sum_Persons living in poverty;sum_Informal sector workers;sum_Fishery communities;sum_Agricultural communities;sum_Persons with disabilities;sum_Persons with pre-existing health conditions;sum_Residents of drought-prone regions;sum_Rural populations;sum_Urban populations;sum_Coastal communities
Algeria;DZA;;;;;;;0;0;0;0;0;0;0;0;0;0;0;0;0;0;;;;;;;;;;;;;;;;;;;;;;;;;;;;;;;;;;;;;;;;;;;;;;;;;;;
Angola;AGO;;NDC;2021;95;;ENG;77;49;2;0;4;15;1;6;3;2;4;20;2;18;2;0;0;0;0;0;0;4;0;0;15;0;1;0;4;2;0;3;0;2;0;0;0;0;4;0;7;11;0;2;5;4;4;5;Promote gender equality in climate change participation and discussion for the general public and in schools.;0;The government plans to implement climate change education in schools and universities.;0;0;0;0;The KWENDA program transfers fixed monthly income to vulnerable families and includes them in income-generating activities to mitigate poverty-related vulnerabilities. There's a need to enhance policies for reducing poverty, eliminating extreme poverty, and ensuring fair wealth and income distribution, which indirectly relates to reducing vulnerability to climate change.;0;"Support centers are being constructed to enhance the resilience of fishery communities against climate change.  An ecosystem approach to fisheries management is being introduced through the Benguela Current Convention.  The government aims to develop competitive, sustainable industrial and artisanal fisheries. The African Development Bank and FAO have approved a project to support the development of artisanal fisheries in Angola.  Construction of support centers like the one in Salinas for sustainable development of the fishing sector. Implementation of an ecosystem approach to fisheries management through the Benguela Current Convention.""";Government aims to make Angola self-sufficient in basic food supplies and increase agricultural exports. Adaptation measures in agriculture to include conservation agriculture, drought-tolerant crops, and precision agriculture. FSDEA has invested $250 million to stimulate agricultural growth and contribute to economic diversification. Agriculture identified as key for economic diversification and reducing oil dependence.;0;"The """"Climate Change Adaptation Action Plan in Africa for the Health sector 2012-2016""  focuses on identifying health risks from extreme climate effects and strengthening health systems to prevent and respond to these threats. Awareness campaigns on the health impacts of climate change are being conducted. Improve urban waste management to minimize environmental and public health impacts.";Addressing increased frequency and intensity of drought and water scarcity. Implementing a water collection and storage system in drought-prone areas to ensure continuity of human supply and livestock watering.;Distribute improved solar lanterns and ovens to rural populations. Revert benefits of CDM procedures to finance rural electrification. Finance or subsidize rural electrification to reduce vulnerability.;Develop waste sector to create jobs and by-products, enhancing economic potential and population well-being. Improve urban waste management to minimize environmental and public health impacts.;The adaptation measures for coastal zones aim to enhance resilience and reduce climate change risks. Measures include studying the impact of climate change on fishing productivity and coastal economies. Development of community and school gardens to mitigate heat waves. Preservation of forest perimeters in coastal areas to maintain biodiversity.
Benin;BEN;;;;;;;0;0;0;0;0;0;0;0;0;0;0;0;0;0;;;;;;;;;;;;;;;;;;;;;;;;;;;;;;;;;;;;;;;;;;;;;;;;;;;
Botswana;BWA;;;;;;;0;0;0;0;0;0;0;0;0;0;0;0;0;0;;;;;;;;;;;;;;;;;;;;;;;;;;;;;;;;;;;;;;;;;;;;;;;;;;;
Burkina Faso;BFA;;;;;;;30;1;3;0;0;23;0;3;0;0;0;0;0;1;3;0;0;0;0;0;0;0;0;0;23;0;0;0;3;0;0;0;0;0;0;0;0;0;0;0;0;0;0;0;0;1;0;0;0;0;0;0;0;0;0;0;0;0;0;0;0;0;"Strengthen the skills of technicians in making improved stoves.
Increase the number of rural households using improved stoves for cooking by 2025.";0;0
Burundi;BDI;;NDC;2020;96;507;FRE;0;0;0;0;0;0;0;0;0;0;0;0;0;0;;;;;;;;;;;;;;;;;;;;;;;;;;;;;;;;;;;;;;;;;;;;;;;;;;;
Cabo Verde;CPV;;;;;;;0;0;0;0;0;0;0;0;0;0;0;0;0;0;;;;;;;;;;;;;;;;;;;;;;;;;;;;;;;;;;;;;;;;;;;;;;;;;;;
Cameroon;CMR;;;;;;;0;0;0;0;0;0;0;0;0;0;0;0;0;0;;;;;;;;;;;;;;;;;;;;;;;;;;;;;;;;;;;;;;;;;;;;;;;;;;;
Central African Republic;CAF;;;;;;;0;0;0;0;0;0;0;0;0;0;0;0;0;0;;;;;;;;;;;;;;;;;;;;;;;;;;;;;;;;;;;;;;;;;;;;;;;;;;;
Chad;TCD;;;;;;;0;0;0;0;0;0;0;0;0;0;0;0;0;0;;;;;;;;;;;;;;;;;;;;;;;;;;;;;;;;;;;;;;;;;;;;;;;;;;;
Comoros;COM;;;;;;;0;0;0;0;0;0;0;0;0;0;0;0;0;0;;;;;;;;;;;;;;;;;;;;;;;;;;;;;;;;;;;;;;;;;;;;;;;;;;;
Congo, Democratic Republic of the;COD;;;;;;;0;0;0;0;0;0;0;0;0;0;0;0;0;0;;;;;;;;;;;;;;;;;;;;;;;;;;;;;;;;;;;;;;;;;;;;;;;;;;;
Congo, Republic of the;COG;;;;;;;0;0;0;0;0;0;0;0;0;0;0;0;0;0;;;;;;;;;;;;;;;;;;;;;;;;;;;;;;;;;;;;;;;;;;;;;;;;;;;
Djibouti;DJI;;;;;;;0;0;0;0;0;0;0;0;0;0;0;0;0;0;;;;;;;;;;;;;;;;;;;;;;;;;;;;;;;;;;;;;;;;;;;;;;;;;;;
Egypt;EGY;;;;;;;0;0;0;0;0;0;0;0;0;0;0;0;0;0;;;;;;;;;;;;;;;;;;;;;;;;;;;;;;;;;;;;;;;;;;;;;;;;;;;
Equatorial Guinea;GNQ;;;;;;;0;0;0;0;0;0;0;0;0;0;0;0;0;0;;;;;;;;;;;;;;;;;;;;;;;;;;;;;;;;;;;;;;;;;;;;;;;;;;;
Eritrea;ERI;;;;;;;0;0;0;0;0;0;0;0;0;0;0;0;0;0;;;;;;;;;;;;;;;;;;;;;;;;;;;;;;;;;;;;;;;;;;;;;;;;;;;
Eswatini (formerly Swaziland);SWZ;;;;;;;0;0;0;0;0;0;0;0;0;0;0;0;0;0;;;;;;;;;;;;;;;;;;;;;;;;;;;;;;;;;;;;;;;;;;;;;;;;;;;
Ethiopia;ETH;;UNDC;2021;55;210;ENG;41;21;1;0;2;10;1;6;7;1;1;10;1;1;1;0;0;0;0;0;1;1;0;0;10;0;1;2;2;2;0;7;0;1;0;0;1;0;0;0;0;9;0;1;0;0;1;0;"Gender equality and inclusion of vulnerable groups are essential in sustainable adaptation and resilience measures.
Gender analysis is a part of Ethiopia's National Adaptation Plan (NAP) to inform climate policy and resource mobilization.
Gender-responsive approaches are adopted to ensure equitable sharing of benefits from climate adaptation efforts.
Efforts include diversifying livelihoods to improve resilience to climate shocks with attention to gender-friendly practices.
Gender-responsive public participation is integrated into domestic institutional climate change responses.
Expansion of irrigation aims to create gender-balanced water user associations and jobs.
Nationally Determined Contribution (NDC) includes commitments to increase women's roles in development and management.
Renewable energy strategies include increasing women and youth participation.";0;Percentage increase in women and youth participation in RE;0;0;Domestic institutional arrangements engage with local communities and indigenous peoples in a gender-responsive manner in Ethiopia's climate response.;0;0;0;0;"Implementing climate-smart agriculture to enhance food security and improve agricultural productivity.
Diversifying livestock and promoting poultry and small ruminants to increase resilience.
Introducing drought-resistant animal breeding and crop varieties.
Improving rangeland and pasture-land management and using drought-resistant breeds.
Expanding the use of improved, climate-resilient crop varieties.
Strengthening crop disease and pest monitoring to control climate-driven outbreaks.";0;0;0;0;"Improving resilience of water sources and access to potable water.
Energy diversity with alternatives and renewables.
Climate-resilient design of sustainable transportation systems.
Adaptive urban planning and urban greenery.
Integrated environment and health surveillance protocols.
Improvement in basic health services and emergency medical services.
Enhancement of early warning systems and disaster risk planning and preparedness.";0
Gabon;GAB;;;;;;;0;0;0;0;0;0;0;0;0;0;0;0;0;0;;;;;;;;;;;;;;;;;;;;;;;;;;;;;;;;;;;;;;;;;;;;;;;;;;;
Gambia;GMB;;;;;;;0;0;0;0;0;0;0;0;0;0;0;0;0;0;;;;;;;;;;;;;;;;;;;;;;;;;;;;;;;;;;;;;;;;;;;;;;;;;;;
Ghana;GHA;;;;;;;0;0;0;0;0;0;0;0;0;0;0;0;0;0;;;;;;;;;;;;;;;;;;;;;;;;;;;;;;;;;;;;;;;;;;;;;;;;;;;
Guinea;GIN;;;;;;;0;0;0;0;0;0;0;0;0;0;0;0;0;0;;;;;;;;;;;;;;;;;;;;;;;;;;;;;;;;;;;;;;;;;;;;;;;;;;;
Guinea-Bissau;GNB;;;;;;;0;0;0;0;0;0;0;0;0;0;0;0;0;0;;;;;;;;;;;;;;;;;;;;;;;;;;;;;;;;;;;;;;;;;;;;;;;;;;;
Ivory Coast (Côte d'Ivoire);CIV;;;;;;;0;0;0;0;0;0;0;0;0;0;0;0;0;0;;;;;;;;;;;;;;;;;;;;;;;;;;;;;;;;;;;;;;;;;;;;;;;;;;;
Kenya;KEN;;UNDC;2020;20;401 (52);ENG;31;9;0;0;1;17;0;4;0;0;0;6;0;3;0;0;0;0;0;0;0;1;0;0;17;0;0;0;3;1;0;0;0;0;0;0;0;0;0;0;0;6;0;0;0;3;0;0;"Ensure domestic institutional arrangements and planning processes are gender-responsive.
Promote awareness and support for integrating gender considerations into climate policies.
Facilitate access to climate finance for grassroots women's organizations and indigenous peoples.";0;0;0;0;Indigenous peoples and local communities were engaged in a gender-responsive manner in the planning processes for South Africa's updated NDC through the Department of Forestry, Fisheries & the Environment.;0;0;0;0;0;0;0;0;0;"Cities lead in climate change response due to urbanization and services offered.
Urban planning and design must incorporate climate change concerns for climate-resilient human settlements.";0
Lesotho;LSO;;;;;;;0;0;0;0;0;0;0;0;0;0;0;0;0;0;;;;;;;;;;;;;;;;;;;;;;;;;;;;;;;;;;;;;;;;;;;;;;;;;;;
Liberia;LBR;;;;;;;0;0;0;0;0;0;0;0;0;0;0;0;0;0;;;;;;;;;;;;;;;;;;;;;;;;;;;;;;;;;;;;;;;;;;;;;;;;;;;
Libya;LBY;;;;;;;0;0;0;0;0;0;0;0;0;0;0;0;0;0;;;;;;;;;;;;;;;;;;;;;;;;;;;;;;;;;;;;;;;;;;;;;;;;;;;
Madagascar;MDG;;;;;;;0;0;0;0;0;0;0;0;0;0;0;0;0;0;;;;;;;;;;;;;;;;;;;;;;;;;;;;;;;;;;;;;;;;;;;;;;;;;;;
Malawi;MWI;;;;;;;0;0;0;0;0;0;0;0;0;0;0;0;0;0;;;;;;;;;;;;;;;;;;;;;;;;;;;;;;;;;;;;;;;;;;;;;;;;;;;
Mali;MLI;;;;;;;0;0;0;0;0;0;0;0;0;0;0;0;0;0;;;;;;;;;;;;;;;;;;;;;;;;;;;;;;;;;;;;;;;;;;;;;;;;;;;
Mauritania;MRT;;;;;;;0;0;0;0;0;0;0;0;0;0;0;0;0;0;;;;;;;;;;;;;;;;;;;;;;;;;;;;;;;;;;;;;;;;;;;;;;;;;;;
Mauritius;MUS;;;;;;;0;0;0;0;0;0;0;0;0;0;0;0;0;0;;;;;;;;;;;;;;;;;;;;;;;;;;;;;;;;;;;;;;;;;;;;;;;;;;;
Morocco;MAR;;;;;;;0;0;0;0;0;0;0;0;0;0;0;0;0;0;;;;;;;;;;;;;;;;;;;;;;;;;;;;;;;;;;;;;;;;;;;;;;;;;;;
Mozambique;MOZ;;;;;;;0;0;0;0;0;0;0;0;0;0;0;0;0;0;;;;;;;;;;;;;;;;;;;;;;;;;;;;;;;;;;;;;;;;;;;;;;;;;;;
Namibia;NAM;;;;;;;0;0;0;0;0;0;0;0;0;0;0;0;0;0;;;;;;;;;;;;;;;;;;;;;;;;;;;;;;;;;;;;;;;;;;;;;;;;;;;
Niger;NER;;;;;;;0;0;0;0;0;0;0;0;0;0;0;0;0;0;;;;;;;;;;;;;;;;;;;;;;;;;;;;;;;;;;;;;;;;;;;;;;;;;;;
Nigeria;NGA;;;;;;;0;0;0;0;0;0;0;0;0;0;0;0;0;0;;;;;;;;;;;;;;;;;;;;;;;;;;;;;;;;;;;;;;;;;;;;;;;;;;;
Rwanda;RWA;;;;;;;0;0;0;0;0;0;0;0;0;0;0;0;0;0;;;;;;;;;;;;;;;;;;;;;;;;;;;;;;;;;;;;;;;;;;;;;;;;;;;
Sao Tome and Principe;STP;;;;;;;0;0;0;0;0;0;0;0;0;0;0;0;0;0;;;;;;;;;;;;;;;;;;;;;;;;;;;;;;;;;;;;;;;;;;;;;;;;;;;
Senegal;SEN;;;;;;;0;0;0;0;0;0;0;0;0;0;0;0;0;0;;;;;;;;;;;;;;;;;;;;;;;;;;;;;;;;;;;;;;;;;;;;;;;;;;;
Seychelles;SYC;;;;;;;0;0;0;0;0;0;0;0;0;0;0;0;0;0;;;;;;;;;;;;;;;;;;;;;;;;;;;;;;;;;;;;;;;;;;;;;;;;;;;
Sierra Leone;SLE;;;;;;;0;0;0;0;0;0;0;0;0;0;0;0;0;0;;;;;;;;;;;;;;;;;;;;;;;;;;;;;;;;;;;;;;;;;;;;;;;;;;;
Somalia;SOM;;UNDC;2021;12;;ENG;25;18;5;0;0;1;0;1;7;3;1;3;0;4;5;0;0;0;0;0;0;0;0;0;1;0;0;0;1;0;0;7;0;3;0;0;1;0;0;0;0;3;0;0;0;2;0;2;"Strengthen the adaptive capacity of the most vulnerable groups including women through social safety nets and livelihood support.
Enhance the participation of women and youth in adaptation, environmental conservation, and clean energy solutions to empower them and enhance their adaptive capacity.
Conduct comprehensive gender analysis for gender integration in climate adaptation and mitigation sectors.
Build capacities of stakeholders including decision-makers on mainstreaming gender in climate actions.";0;Strengthen the adaptive capacity of the most vulnerable groups including children through social safety nets;0;0;"Enhancing policy and institutional frameworks to incorporate traditional and Indigenous knowledge in Somalia's NDC process.
Emphasizing participatory and inclusive approaches that involve members of indigenous and local communities in climate change initiatives.";0;0;0;0;"Implement Agroforestry and Sustainable Land Management practices
Restore and rehabilitate rangelands
Research and provision of drought-resistant crop varieties
Develop irrigation systems and improve water management
Establish and improve marketing systems and infrastructure for agricultural products
Promote weather-based insurance schemes for farmers
Invest in veterinary services and establish disease-free zones for livestock
Enhance adaptation capacity and improve animal breeds for climate resilience
Manage grazing areas sustainably and improve livestock infrastructure";0;0;0;"Promote rainwater harvesting and conservation to improve water use efficiency.
Develop solar powered boreholes and portable water supplies for rural households.
Public health awareness campaigns in rural areas on climate change effects.
Establish and operationalize public health facilities in rural areas.";0;"Develop and implement coastal zone policy, strategy, and management plan.
Enhance resilience and promote climate-smart development in fisheries.
Improve monitoring and early warning systems for sea-level rise and extreme weather events.
Implement a mangrove and shoreline restoration program."
South Africa;ZAF;;UNDC;2021;32;229 (16);ENG;33;16;0;0;1;13;0;3;4;0;1;6;0;5;0;0;0;0;0;0;0;1;0;0;13;0;0;0;1;0;2;4;0;0;0;0;1;0;0;0;0;6;0;0;0;5;0;0;"Over 40% women participation in the national climate change programme.
Gender-responsive public participation and engagement strategies.
Women empowerment and gender mainstreaming in all interventions.
Convening of women groups for income and food security opportunities.
High involvement of community members, particularly women, in resilience-building practices.";0;0;0;0;Domestic institutional arrangements involve public participation and engagement with local communities and indigenous peoples, ensuring a gender-responsive approach.;0;0;0;0;"Introduce smart irrigation technologies (solar pumps, precision irrigation) to improve water management for vulnerable farmers.
Develop and release climate-resilient crop varieties with high yield potential and heat tolerance.
Build resilience of livestock production systems to reduce vulnerability to climate change in pastoral communities.
Rehabilitate, restore, and improve productivity of degraded rangelands for rural community resilience.
Expand water supply for agricultural use through well-drilling and sustainable groundwater use.
Introduce drought-resistant and early maturing crop varieties to mitigate shorter growing seasons and recurrent drought.
Improve livestock health via vaccination campaigns, strategic supplementary feeding, and suitable species introduction.
Promote integrated adaptation-focused measures including drought-resistant seeds and establishment of shelterbelts to protect from dust storms.";0;0;0;"Enhance rural water supply to achieve full access and sustainable utilization for households, especially in vulnerable farming and pastoralist communities.
Implement forestry measures that support the rural economy, including sustainable management and restoration of forests and degraded lands.
Promote energy-efficient practices in rural households through the distribution of improved cookstoves.";0;"Restoration and management of mangroves to enhance resilience of marine-dependent communities.
Offering alternative livelihoods for communities reliant on mangroves.
Integrating adaptation strategies into coastal zone management plans.
Empowering coastal communities to use Ecosystem-Based Management for better fisheries and marine resource management.
Protecting and restoring coral reefs and sea grass beds to mitigate climate risks.
Enhancing island resilience against climate change impacts.
Mapping and demarcation of coastal areas at risk of sea level rise and flooding."
South Sudan;SSD;;;;;;;0;0;0;0;0;0;0;0;0;0;0;0;0;0;;;;;;;;;;;;;;;;;;;;;;;;;;;;;;;;;;;;;;;;;;;;;;;;;;;
Sudan;SDN;;NDC;2021;26;171 (53);ENG;33;16;0;0;1;13;0;3;4;0;1;6;0;5;0;0;0;0;0;0;0;1;0;0;13;0;0;0;1;0;2;4;0;0;0;0;1;0;0;0;0;6;0;0;0;5;0;0;"Over 40% women participation in the national climate change programme.
Gender-responsive public participation and engagement strategies.
Women empowerment and gender mainstreaming in all interventions.
Convening of women groups for income and food security opportunities.
High involvement of community members, particularly women, in resilience-building practices.";0;0;0;0;Domestic institutional arrangements involve public participation and engagement with local communities and indigenous peoples, ensuring a gender-responsive approach.;0;0;0;0;"Introduce smart irrigation technologies (solar pumps, precision irrigation) to improve water management for vulnerable farmers.
Develop and release climate-resilient crop varieties with high yield potential and heat tolerance.
Build resilience of livestock production systems to reduce vulnerability to climate change in pastoral communities.
Rehabilitate, restore, and improve productivity of degraded rangelands for rural community resilience.
Expand water supply for agricultural use through well-drilling and sustainable groundwater use.
Introduce drought-resistant and early maturing crop varieties to mitigate shorter growing seasons and recurrent drought.
Improve livestock health via vaccination campaigns, strategic supplementary feeding, and suitable species introduction.
Promote integrated adaptation-focused measures including drought-resistant seeds and establishment of shelterbelts to protect from dust storms.";0;0;0;"Enhance rural water supply to achieve full access and sustainable utilization for households, especially in vulnerable farming and pastoralist communities.
Implement forestry measures that support the rural economy, including sustainable management and restoration of forests and degraded lands.
Promote energy-efficient practices in rural households through the distribution of improved cookstoves.";0;"Restoration and management of mangroves to enhance resilience of marine-dependent communities.
Offering alternative livelihoods for communities reliant on mangroves.
Integrating adaptation strategies into coastal zone management plans.
Empowering coastal communities to use Ecosystem-Based Management for better fisheries and marine resource management.
Protecting and restoring coral reefs and sea grass beds to mitigate climate risks.
Enhancing island resilience against climate change impacts.
Mapping and demarcation of coastal areas at risk of sea level rise and flooding."
Tanzania;TZA;;NDC;2021;35;;ENG;23;12;0;0;0;4;3;4;3;1;0;5;0;3;0;0;0;0;0;0;0;0;0;0;4;0;3;0;2;2;0;3;0;1;0;0;0;0;0;0;1;4;0;0;0;2;0;1;"Enhance gender equity in climate change adaptation actions.
Address climate change impacts on young people, women, the elderly, and other groups facing inequality.";0;Address climate change impacts on young people, women, the elderly, and other groups facing inequality.;0;0;0;0;0;0;"Improve early warning systems for sea level rise and extreme weather.
Increase environmentally sustainable productivity via climate-smart fisheries and aquaculture.
Promote support mechanisms for small-holder fishers against climate shocks, including insurance.
Strengthen research and development in fisheries and aquatic resources.


";"Improve agricultural land and water resources management.
Increase productivity with climate-smart agriculture.
Provide crop insurances for smallholder farmers against climate shocks.
Enhance agricultural research and development.
Strengthen knowledge and infrastructure for climate action in agriculture.
Develop sustainable pasture and rangeland management for livestock.
Offer livestock insurances against climate shocks.
Improve livestock productivity with climate-smart practices.
Advance participatory forest and wildlife management.";0;0;0;"Promote climate resilient energy systems for rural areas.
Explore energy diversification, enhancing rural energy security.
Advance climate-smart rural electrification with micro and mini-grids.";0;"Strengthen management of coastal and marine resources.
Promote sustainable livelihood diversification for coastal communities."
Togo;TGO;;;;;;;0;0;0;0;0;0;0;0;0;0;0;0;0;0;;;;;;;;;;;;;;;;;;;;;;;;;;;;;;;;;;;;;;;;;;;;;;;;;;;
Tunisia;TUN;;;;;;;0;0;0;0;0;0;0;0;0;0;0;0;0;0;;;;;;;;;;;;;;;;;;;;;;;;;;;;;;;;;;;;;;;;;;;;;;;;;;;
Uganda;UGA;;UNDC;2022;58;295 (54);ENG;31;14;5;0;1;4;0;7;5;2;1;4;0;2;5;0;0;0;0;0;0;1;0;0;4;0;0;0;3;4;0;5;0;2;0;0;1;0;0;0;0;4;0;0;0;1;1;0;"Gender sensitivity was integrated into the selection and prioritization of adaptation and mitigation measures in Uganda's NDC.
Uganda's updated NDC implementation plan incorporates gender mainstreaming.
Women and girls, especially those living in poverty, are identified as more vulnerable to the impacts of climate change.
Actions to ensure gender-responsive NDC implementation include enhancing women's participation in decision-making, designating gender and climate change specialists, mainstreaming gender in budgeting, developing gender disaggregated data, and building skills on gender and climate change.
Institutional arrangements for climate change management in Uganda involve public participation and engagement in a gender-responsive mann";0;0;0;0;"Promote local, indigenous and traditional knowledge and practices in climate adaptation and disaster risk reduction.
Engage with local communities and indigenous peoples in a gender-responsive manner during the planning processes of National Determined Contributions (NDC) and implementation plans.";0;0;0;0;"Promote climate-resilient and low-carbon agricultural development.
Enhance sustainable land management practices for productive use.
Improve climate-resilient water supply and efficiency for agriculture.
Strengthen climate resilient cropping systems and value chains.
Increase the proportion of farmers practicing sustainable land management.
Expand water harvesting and irrigation farming to support agriculture.
Develop climate-resilient crop varieties and diversification.
Enhance livestock production systems for climate resilience.
Promote sustainable and resilient capture fisheries.
Implement climate-smart agriculture including sustainable land use and agroforestry.
Boost rainwater harvesting and irrigation to mitigate drought impacts.
Enhance livestock management to reduce emissions and improve resilience.";0;0;0;"Promote sustainable water harvesting and storage for rural areas.
Increase access to basic sanitation for rural populations.
Scale-up Integrated Water Resources Management approach to improve water use efficiency in rural areas.";"Expand and maintain cities with greenbelts
Promote efficient mobility in cities
Improve solid waste management";0
Zambia;ZMB;;;;;;;0;0;0;0;0;0;0;0;0;0;0;0;0;0;;;;;;;;;;;;;;;;;;;;;;;;;;;;;;;;;;;;;;;;;;;;;;;;;;;
Zimbabwe;ZWE;;;;;;;0;0;0;0;0;0;0;0;0;0;0;0;0;0;;;;;;;;;;;;;;;;;;;;;;;;;;;;;;;;;;;;;;;;;;;;;;;;;;;
